-- phpMyAdmin SQL Dump
-- version 4.8.5
-- https://www.phpmyadmin.net/
--
-- Host: 127.0.0.1
-- Waktu pembuatan: 11 Bulan Mei 2019 pada 12.12
-- Versi server: 10.1.38-MariaDB
-- Versi PHP: 7.3.4

SET SQL_MODE = "NO_AUTO_VALUE_ON_ZERO";
SET AUTOCOMMIT = 0;
START TRANSACTION;
SET time_zone = "+00:00";


/*!40101 SET @OLD_CHARACTER_SET_CLIENT=@@CHARACTER_SET_CLIENT */;
/*!40101 SET @OLD_CHARACTER_SET_RESULTS=@@CHARACTER_SET_RESULTS */;
/*!40101 SET @OLD_COLLATION_CONNECTION=@@COLLATION_CONNECTION */;
/*!40101 SET NAMES utf8mb4 */;

--
-- Database: `wpu_login`
--

-- --------------------------------------------------------

--
-- Struktur dari tabel `events`
--

CREATE TABLE `events` (
  `id` int(20) NOT NULL,
  `user_id` int(20) NOT NULL,
  `name` varchar(128) NOT NULL,
  `date` varchar(128) NOT NULL,
  `location` varchar(128) NOT NULL,
  `address` varchar(128) NOT NULL,
  `phone` varchar(128) NOT NULL,
  `is_active` int(2) NOT NULL
) ENGINE=InnoDB DEFAULT CHARSET=latin1;

--
-- Dumping data untuk tabel `events`
--

INSERT INTO `events` (`id`, `user_id`, `name`, `date`, `location`, `address`, `phone`, `is_active`) VALUES
(1, 12, 'Seminar Startup 2019 part 1', '20/04/2020', 'Unnes', 'Semarang', '081215212066', 0),
(2, 12, 'Seminar Startup 2019 part 2', '20/04/2020', 'Unnes', 'Semarang', '081215212066', 1);

-- --------------------------------------------------------

--
-- Struktur dari tabel `tickets`
--

CREATE TABLE `tickets` (
  `id` int(11) NOT NULL,
  `event_id` int(11) NOT NULL,
  `name` varchar(128) NOT NULL,
  `price` int(11) NOT NULL,
  `is_active` int(1) NOT NULL
) ENGINE=InnoDB DEFAULT CHARSET=latin1;

-- --------------------------------------------------------

--
-- Struktur dari tabel `user`
--

CREATE TABLE `user` (
  `id` int(11) NOT NULL,
  `name` varchar(128) NOT NULL,
  `email` varchar(128) NOT NULL,
  `phone` varchar(20) DEFAULT NULL,
  `image` varchar(128) NOT NULL,
  `password` varchar(256) NOT NULL,
  `role_id` int(11) NOT NULL,
  `is_active` int(1) NOT NULL,
  `date_created` int(11) NOT NULL
) ENGINE=InnoDB DEFAULT CHARSET=utf8;

--
-- Dumping data untuk tabel `user`
--

INSERT INTO `user` (`id`, `name`, `email`, `phone`, `image`, `password`, `role_id`, `is_active`, `date_created`) VALUES
(5, 'Sandhika Galih', 'sandhikagalih@unpas.ac.id', '081212416661', 'profile1.jpg', '$2y$10$nXnrqGQTjpvg58OtOB/N.evYQjVlz7KIW37oUSQSQ2EgNMD0Dgrzq', 1, 1, 1552120289),
(6, 'Doddy Ferdiansyah', 'doddy@gmail.com', '085243998634', 'profile.jpg', '$2y$10$FhGzXwwTWLN/yonJpDLR0.nKoeWlKWBoRG9bsk0jOAgbJ007XzeFO', 2, 1, 1552285263),
(11, 'Sandhika Galih', 'sandhikagalih@gmail.com', '082225678112', 'default.jpg', '$2y$10$0QYEK1pB2L.Rdo.ZQsJO5eeTSpdzT7PvHaEwsuEyGSs0J1Qf5BoSq', 2, 1, 1553151354),
(12, 'Fauza Aulia', 'fauzaauliia@gmail.com', '081215212066', 'F7-02.png', '$2y$10$fnqv3SVJorc7VVXn3bM7t.G3sZnXg4zGPNRnNkU1mV/Db9NKdgbxO', 1, 1, 1556982081),
(14, 'Fauza Aulia', 'exyezet@gmail.com', '', 'default.jpg', '$2y$10$fNCPxbRLzS7XRRfYEk/okO1cnnbLG/MPW9kpnsvSsWU/2e9nkU0k.', 2, 0, 1557406163),
(15, 'Fauza Aulia', 'exsyezet@gmail.com', '', '4c73cda4757a2467f193bbc3dea08b76.png', '$2y$10$T6qaeSRt9DBe.Itu7Ex/IeslWf5mQCyESIuozf8rmqvfCOjRIpNJm', 2, 1, 1557406219);

-- --------------------------------------------------------

--
-- Struktur dari tabel `user_access_menu`
--

CREATE TABLE `user_access_menu` (
  `id` int(11) NOT NULL,
  `role_id` int(11) NOT NULL,
  `menu_id` int(11) NOT NULL
) ENGINE=InnoDB DEFAULT CHARSET=utf8;

--
-- Dumping data untuk tabel `user_access_menu`
--

INSERT INTO `user_access_menu` (`id`, `role_id`, `menu_id`) VALUES
(1, 1, 1),
(3, 2, 2),
(7, 1, 3),
(8, 1, 2),
(9, 7, 2),
(10, 7, 15),
(11, 2, 15),
(12, 1, 15),
(13, 2, 16),
(14, 1, 16);

-- --------------------------------------------------------

--
-- Struktur dari tabel `user_menu`
--

CREATE TABLE `user_menu` (
  `id` int(11) NOT NULL,
  `menu` varchar(128) NOT NULL
) ENGINE=InnoDB DEFAULT CHARSET=utf8;

--
-- Dumping data untuk tabel `user_menu`
--

INSERT INTO `user_menu` (`id`, `menu`) VALUES
(1, 'Admin'),
(2, 'User'),
(3, 'Menu'),
(15, 'Ordering'),
(16, 'Events');

-- --------------------------------------------------------

--
-- Struktur dari tabel `user_role`
--

CREATE TABLE `user_role` (
  `id` int(11) NOT NULL,
  `role` varchar(128) NOT NULL
) ENGINE=InnoDB DEFAULT CHARSET=utf8;

--
-- Dumping data untuk tabel `user_role`
--

INSERT INTO `user_role` (`id`, `role`) VALUES
(1, 'Administrator'),
(2, 'Member'),
(7, 'Panitia');

-- --------------------------------------------------------

--
-- Struktur dari tabel `user_sub_menu`
--

CREATE TABLE `user_sub_menu` (
  `id` int(11) NOT NULL,
  `menu_id` int(11) NOT NULL,
  `title` varchar(128) NOT NULL,
  `url` varchar(128) NOT NULL,
  `icon` varchar(128) NOT NULL,
  `is_active` int(1) NOT NULL
) ENGINE=InnoDB DEFAULT CHARSET=utf8;

--
-- Dumping data untuk tabel `user_sub_menu`
--

INSERT INTO `user_sub_menu` (`id`, `menu_id`, `title`, `url`, `icon`, `is_active`) VALUES
(1, 1, 'Dashboard', 'admin', 'fas fa-fw fa-tachometer-alt', 1),
(2, 2, 'My Profile', 'user', 'fas fa-fw fa-user', 1),
(3, 2, 'Edit Profile', 'user/edit', 'fas fa-fw fa-user-edit', 1),
(4, 3, 'Menu Management', 'menu', 'fas fa-fw fa-folder', 1),
(5, 3, 'Submenu Management', 'menu/submenu', 'fas fa-fw fa-folder-open', 1),
(7, 1, 'Role', 'admin/role', 'fas fa-fw fa-user-tie', 1),
(8, 2, 'Change Password', 'user/changepassword', 'fas fa-fw fa-key', 1),
(18, 15, 'Ticket', 'ticket', 'fas fa-fw fa-ticket-alt', 1),
(19, 16, 'Events', 'events', 'far fa-fw fa-calendar-alt', 1);

-- --------------------------------------------------------

--
-- Struktur dari tabel `user_token`
--

CREATE TABLE `user_token` (
  `id` int(11) NOT NULL,
  `email` varchar(128) NOT NULL,
  `token` varchar(128) NOT NULL,
  `date_created` int(11) NOT NULL
) ENGINE=InnoDB DEFAULT CHARSET=utf8;

--
-- Dumping data untuk tabel `user_token`
--

INSERT INTO `user_token` (`id`, `email`, `token`, `date_created`) VALUES
(2, 'exyezet@gmail.com', '0YHx6i7plHSatvaQ5cNayHgYBrtSklUSVD65CC4YM+Q=', 1557406163);

--
-- Indexes for dumped tables
--

--
-- Indeks untuk tabel `events`
--
ALTER TABLE `events`
  ADD PRIMARY KEY (`id`);

--
-- Indeks untuk tabel `ticket`
--
ALTER TABLE `ticket`
  ADD PRIMARY KEY (`id`);

--
-- Indeks untuk tabel `user`
--
ALTER TABLE `user`
  ADD PRIMARY KEY (`id`);

--
-- Indeks untuk tabel `user_access_menu`
--
ALTER TABLE `user_access_menu`
  ADD PRIMARY KEY (`id`);

--
-- Indeks untuk tabel `user_menu`
--
ALTER TABLE `user_menu`
  ADD PRIMARY KEY (`id`);

--
-- Indeks untuk tabel `user_role`
--
ALTER TABLE `user_role`
  ADD PRIMARY KEY (`id`);

--
-- Indeks untuk tabel `user_sub_menu`
--
ALTER TABLE `user_sub_menu`
  ADD PRIMARY KEY (`id`);

--
-- Indeks untuk tabel `user_token`
--
ALTER TABLE `user_token`
  ADD PRIMARY KEY (`id`);

--
-- AUTO_INCREMENT untuk tabel yang dibuang
--

--
-- AUTO_INCREMENT untuk tabel `events`
--
ALTER TABLE `events`
  MODIFY `id` int(20) NOT NULL AUTO_INCREMENT, AUTO_INCREMENT=3;

--
-- AUTO_INCREMENT untuk tabel `ticket`
--
ALTER TABLE `ticket`
  MODIFY `id` int(11) NOT NULL AUTO_INCREMENT;

--
-- AUTO_INCREMENT untuk tabel `user`
--
ALTER TABLE `user`
  MODIFY `id` int(11) NOT NULL AUTO_INCREMENT, AUTO_INCREMENT=16;

--
-- AUTO_INCREMENT untuk tabel `user_access_menu`
--
ALTER TABLE `user_access_menu`
  MODIFY `id` int(11) NOT NULL AUTO_INCREMENT, AUTO_INCREMENT=15;

--
-- AUTO_INCREMENT untuk tabel `user_menu`
--
ALTER TABLE `user_menu`
  MODIFY `id` int(11) NOT NULL AUTO_INCREMENT, AUTO_INCREMENT=17;

--
-- AUTO_INCREMENT untuk tabel `user_role`
--
ALTER TABLE `user_role`
  MODIFY `id` int(11) NOT NULL AUTO_INCREMENT, AUTO_INCREMENT=8;

--
-- AUTO_INCREMENT untuk tabel `user_sub_menu`
--
ALTER TABLE `user_sub_menu`
  MODIFY `id` int(11) NOT NULL AUTO_INCREMENT, AUTO_INCREMENT=20;

--
-- AUTO_INCREMENT untuk tabel `user_token`
--
ALTER TABLE `user_token`
  MODIFY `id` int(11) NOT NULL AUTO_INCREMENT, AUTO_INCREMENT=3;
COMMIT;

/*!40101 SET CHARACTER_SET_CLIENT=@OLD_CHARACTER_SET_CLIENT */;
/*!40101 SET CHARACTER_SET_RESULTS=@OLD_CHARACTER_SET_RESULTS */;
/*!40101 SET COLLATION_CONNECTION=@OLD_COLLATION_CONNECTION */;
